logo-tradex-full.png	https://lh3.googleusercontent.com/aida/AEtjO1Xhseiu4gNUiw1MR_YLiNQK14F7mGG9J6FMdfxzUjmo5GI_wauRNCEQCFOJgYSAtS28CKzSolcdg-s189987hmzAjPUeZlLQyLSYP8NwUG0JWIGTlTEcTe1mPobWd0oX1c5wfeRXO3bwfjgbZHbX3uett--xFe_NukzDOpaHeaX0hYU6HxGGql9SR9G2_U-WkukHvqJA__j6oqXgJmPA01JgoZgG5HJrPNc8dV0Lerz6Dql8SNnEjyrpw
avatar.png	https://lh3.googleusercontent.com/aida/AEtjO1XM0UYvJmA_CRUVNSz5iRIvyx1PGF3j_euXdEORyYAYnKW0Or_doOhf9PiXRmQT7mDDXBzLeHFsKId1RkzwtIHux9Ze0TuOarKj-_EL_v_ZpkVk_qw8fk1tK8jDAT8u4Uh2SoDpi2aJ_j_7IzjcS_oitCbAhet7IwAdqIw4qSKb7Sj6ujoiMWGPbzbaeD2ATPxGxY0Y__NQ-VzXZZxUjtHFP4_4ishd6MfAdM5HrsUW8IQdT-WhuLyNfA
product-01.png	https://lh3.googleusercontent.com/aida-public/AB6AXuAk_o3sREc6lHk2o3Fo-THpgicNrucV26HO_DPM6hPzBoEgHBwG9D_xt04v6ZZYGHz2AlxYf_RaaMvx5olYUlo3hWVWgZOntsvF5iEuE1Ls9rbn71ZARc4bjthOeoN6vysN4-3nsM9BcdclETcmhDAdIaAeQhYyripGs0WNHp1a6aSsHMILS1RMCE2x9HYNNr2xX288Jv21jpyfn8U021W3yfBNj2fE1X7gxJhABZYrO-t0TYY4mmk
product-02.png	https://lh3.googleusercontent.com/aida-public/AB6AXuDVHMLF_hh03OKRerUcPoaqeQkCl4Y18KFoyfK1Xz5a7lDPsByX69cJpQhbW_0oUwle71AP8MO1tJRIuYmE9CBqWh_C5mb7F-TN9d05VF8ZDhtRyI7Tc0W2jfGxmoXkX6jxEiVBIAZajMzTqZN6Wp3N3QdZXD3sk3vIAeSyUz4V9hkYOCIC3gvMSiq6pM7e8MdARVk8vIFCR9SG17lDl9J2jmh42Ck9MmeDvdyBZ3O-VVAbzcqY3OE
product-03.png	https://lh3.googleusercontent.com/aida-public/AB6AXuC3krLLjpfl0mzMV9LdNLzuU-6ubee5J0cnTxGhYmDh26963mSlA3rOdfrGFzdLfQBoKKnz9enXf7Wt6cBLNoqKefB-EDUtFZd15PM4jCvZ8Y3Qz54gJrry-iTZpaMtaZe4KeKKscBMtE8fVRQH3lR-bDjE62NSr9bRNxhtCFo4loCmDIQH3RXtiwfFOVg337vq4Gcrs1wR2jmOXzn8OE3vjk8h5h037qB2TpDBxOa-nGE8dI6hPY8
product-04.png	https://lh3.googleusercontent.com/aida-public/AB6AXuCsi56v2QwQ60Xm7e3v6xFralvWHA0bY68YMlYifnfNlVIBaKDTlC1M_-qqwSNGttxaEHayso8947dDvZw06GpPCFbWKGCE4ncDu42gABacRJXIVqS6psntYbJ3vIq43zYvZU2J2S7M9ZHyJQPadcBLbicpgwynL8VlaSuVtZGQYCJtwElEu8FqRTmH1NF4SsroOSn-U1prH5n0aKrOcl8d0cPV2Wlp7rpiVB8str-6NFS9bWuNFTk
product-05.png	https://lh3.googleusercontent.com/aida-public/AB6AXuC6kFSPugRLWwsn9b6jNdRxYiH_snceD62Jb4oZUjvHPjhX0AhQy5n38ZRoNnxIVka5wZ7_Z9MAQgfp_s6cS0klTxaqLOZQqHsgUq1xylMgi7D3EgNbpGCRhio0SK-IE7cucuK1Ej-eqsnJ8p4Zm1-dQAumJxKP7xokda5d-mHPh96q0eG6KBXRMgBeOiejzE2VzFPo_6fWKGQIDRSzWdmYp1nMd0X7XCfyepAr31aXdrJBgxxdF0s
product-06.png	https://lh3.googleusercontent.com/aida-public/AB6AXuAk2VeV-rzY743d9_3701Wx-Es1K2DtvovnbonXOIserO84lVOj-4W-BD4jNzNUTAqrOQQVqHGcdKjF4XjL7ud7UrVtziIFltiB2af8gukH2-QLqeOkeP9ehkMWSS8RjA98c3isA4r10K6tJbBuIK1GwvVvBo4J7tM1TzmdvvD05nAAQLiKRAXTaBjdo5SkmAn22nX2Wl66pLhaXzrNUBHMfjzPCMWF5S4m2YD3CHUQCoW17Dr8cwc
product-07.png	https://lh3.googleusercontent.com/aida-public/AB6AXuCH-dF9bkqzMFC19iblkKZsGmF02aOPa427bCF-0U1zp6knq90Ul4lbFOIjLTka-ijSl038u_aDfzEIQkre9p3td7CmVaMqGhyvw815jTAQvTudelAY28-aUqyrxXXIelhVyOuzpLfUeqG1f9FgU1EFWuypD1PlaUJdSe92iNRKFYZg142TvTQZJUb_lFnKjYP_MyK15LZXLJzNx4GMvWRnl6RyYdaVcwGoxkdr-v53F5O2m41MXtk
product-08.png	https://lh3.googleusercontent.com/aida-public/AB6AXuAPkkbn9O3hd7cOlyWErDlpDbtAIFLxqdy8-TFRP1_B3-YKeS7mOBLgWgalssuHgx-B-kGjzoeSmWkv8NcAX9HfDnEPbEaGntkXyChT_rcr__EPXa48EHuUP243GMTe6SIgYQiUsWTeJQ1VLlUujnE6rttmU8qkqETLONYglaMOFtmew_Hc6M2c9bA0kBKmFaK4GOydR0ukE_PO4i7PsIk9eQOg390IBNqqzMpgOWfCpEwMFrSshl8
product-09.png	https://lh3.googleusercontent.com/aida-public/AB6AXuCpWrSTXf3HqJdrgQx3FscLgLEIMDon8mkzICKXhNZoFpYp-APApcV6KupPdjmCtkxv_gSxC2SokN5QkY0HcMoI-GN3HSMPlbHA5z2qhynTG285TNEozNMeOPEbmBLNKjQNVidlFVsHCF9FGRiJ5XW5rwLM-hRLhRki3wOqXSey75bWCcTWYfgiOIzm4kvCesM0giSNwC_fOmN80Jra3u7rFQUFV6TTCWqaTQ0XJMWyBjvOaPvTkZQ
product-10.png	https://lh3.googleusercontent.com/aida-public/AB6AXuC4aIZsJRatBEOQg8cCPHnzlSPhuSyhirwR-_XifP9o8nPdbfDVL7tTqXxFvKf0G97VgCM13THeI0Bw06TilBoqS3iwDzlAmNPqoLOF8roHU1YDLa9jUsEKrWD5sj2sFVAjnwScwlIRDDPGoc_Ep8qtqTA00FeMnH1jOB6hfxo4WgIbmGkbozqqjxJjePXxkH4pzHWnTDuO_Ln69tMkFN2jqqQXdvaNMULMU2EOuqAuRqb3srphyW0
product-11.png	https://lh3.googleusercontent.com/aida-public/AB6AXuBPPyxCf0q9exaG1VSDQBJUfaXWfAyhFci7kC6kbwlRfnuugnHmArbNSaiYkhTPUKWRVSGOGGggwGd8RPH-2HNlG37ySfrYSlMr7DH5oum7_u7PxuYZkm38Xm9buf2Mwb3SgEunJTLDOCk42TrH0lPvKgE71JxSbg2AAy6I3cunjEqtUhB7YSgJ0m320Hxf-G7weJB9bqZfYmimeby5mP1yj2tFNqy8J9i6Zoeq9WEmSYYjwDrGHEg
product-12.png	https://lh3.googleusercontent.com/aida-public/AB6AXuAYd4Pw_NZeo1otucRIHQ6p7MwFfAS8KEVBGpLiDvwGjcdPQamB_u8T4QjoBNee-aqvYjKc_dDsRqx1fLH2-gqxBv14II75nRmhzIYKU0WLB9XM85wE3sH9fG9mpGYUeRdV4A0O6dkRRp5s0gS32xW7dSZ3smN0Tmk4FogNwqUzq20VwyiSI8Mlel_5JgpYjkBOHczuPswEYDuM8lGE5K_muR_X33XoQHB1yfzD-j_fNNpn9So_Rgc
product-13.png	https://lh3.googleusercontent.com/aida-public/AB6AXuBJMNUOHrbdWyzO_0_xu6LqA3OI2Uss4LuB2RDoy0O3bB-owKMTcUa5v_kUgqkfeZRld-H3CB9MLL0X8gnHeqRo_3Q5A4cNU5CFarwgt8ExwemUf6sZUQ8ALbCqO31aNDxIacjgYCS-zu4ht5g4TGb29LUpNockfM7p-TSJypPzWKzwXirsk8j__VHOxIMghBbIJZ34Cpem7V_EPGjWuDJfpP_8MQXbA_R7R8YcE17_pbZhUqe-hls
product-14.png	https://lh3.googleusercontent.com/aida-public/AB6AXuBgqEd53nzLRusQDClIiSVB60jJeglWbbXpFOOE7n_yzuFJIYJLNe9K0YEAEmeJFFCyUyGUc9XmJYjjpI7bywvBTPWOdI0T1Nb9SdbYexQhjneLBTyG7dy81pQw_8K0lN11l9YRSTCxFosL9iuKQtJJvT3x0h8GX-yCg_5090vBNqNDR2OJWzPYgq46TjntqleZuhLLsJjDlu9YqA-5AjXFzBCGhEQnr1oR0GXWUBFmrkOhUXwwJ_Y
product-15.png	https://lh3.googleusercontent.com/aida-public/AB6AXuDTQlPkFenZJnHEcY9-JuIGV0VEZJOHNuXmiTibklxeLCuNCJuuPELMiMoNubwg6J8LBvLuXZV3bln1yjGnC0BJSaCQC8FJfNhvyh-2tWOfRxITDtGMUHpqXvwGR_8F1yIzPMkfJK8celk5uGmu-1A2Jx_nERMJxO8OqL6qn9hVC5xmNqDX6975uX3I9cCwwOfhcPF_GiDpRaEuPCeYZ-uJP5LgHmg4r0dNZh5M98NctMLBy-N0FiQ
product-16.png	https://lh3.googleusercontent.com/aida-public/AB6AXuCBJShBBdlSf1zidBHvVC7goIekHv0ZPmPp1zUO1u-58fel3z_wo6uAjgwXL1ZZBnLURn3StnuKns1YmZ8pkN35c4fCFC4bVrrlJfvC91y6yBUxPznJuLfVxXcJJp6WGzZ7sXybahjQGlzC3Ioll3lGVp3Nzar6uDtOrd3-l6AkWDadwuGa71nSh57o4uLkGvupv9kAS_HvhGSQvSHf8vJrip9qeouegptMAAp95lzhHuIOzQN3KX4
product-17.png	https://lh3.googleusercontent.com/aida-public/AB6AXuAwVAd0NrQJH2ciJVH3sf6j3kqjjFOIlBKgJ0HEr-fduK8lYqyexXMzkC9crtPKFZdmNLV0fM27rO0qGct3SHg8f1lM8G7GBm-VEzvZ7Y2CEgHm8OPFPfnu1-Hm3k9FA7ru3cYdAUrBQs5o7jNfTmMvq4nctJgOHH-kx0ZAzdW8gsoHMg6CysSe-ZsDmISh2jfoaFOYFjqovtOFNcuwzpM4cL9jF8M4At8l_fQv9aCp5xtcqcNHlDs
product-18.png	https://lh3.googleusercontent.com/aida-public/AB6AXuCQGmsp7y88XOCLK0iiT1xYNgIQbIdD-XUGaexVXzbFn1YdTq0DO9Hdy9mJ-FoZoAmmXJ5BPqc7DR98vixe6nJ_tj72N2-93z52FKoKJhiAUnXEC89VSEgdGWHNLZQU1ccAtOrVx7-zqV0p__tnle5wOHVfi-BHOSsu9iAxMmjOdx7eQvSR-u1V1-_7Cz6pQmk5_9EAAyZ-T2LH5S3B8sCKFY1W1iJQb9vid9hCmQg3h8lpFo4dy-8
product-19.png	https://lh3.googleusercontent.com/aida-public/AB6AXuBqxvhN9h1mMHVEL6cAwXtpIPRr4y6sJemVLw7KvV7tlBtGi6i9dg3lyqF196U0sFbZg730tej3E3FytF-tSEh4u8hM1Mv6jrmcAOrwwmtNqvvyAPT7Bs7gX6jDWxEwJ4LUzZo2NjzpTLH_ijsRY4watwHD3hmMpatX4J9BSII7r_Bc9JArUcsVwLaVcZ_CKXqPhLv8IRT8IABf-sICX8X9KlcINtT8HROGaZYGfOfGdNVk0GDZzwM
product-20.png	https://lh3.googleusercontent.com/aida-public/AB6AXuDoTjHIZfmmvXxxrh8EicG-HtPvfuAgiA7u8qw11M1nxWkMSnizNFs-URIz3R3WbjcDtezzumucXtHoraU5YmyfIHDUgPsJjYA-g2kyS5sChd7a9hCOkNoBIYrr5_GFDb5nV9MyCK61pY_-WoQb22URIuv5_o_wnfzwcf4zf_PR_FkEhLnafJecvMmVplr2NnjT_pqsFzM0MXc3YDVVU7CozvLxIqAJNiOzNjRsPqg6j3JmKhIooKg
product-21.png	https://lh3.googleusercontent.com/aida-public/AB6AXuC0dCbIThiSB4e2S7xw4WyDSOf8YvvQznEL-va9KAO_9rX7r3Z1Zkh9etpKLtcgVAqNMgQTE1bcbVNJqEjAj-ZINe5PkFRQxkJD0hiQEq2939qJ0HD6h9hL4Vt7Qbb8NKYzfWF5qfH1Qki26H05sTaJfby9yUmOew3yLms5usOnd0sDrj0MuOhAtMt92c0dinKl3tgo2m6G712WpW4Vlk7L-FQDMC6DpGDepKN5CIau1zmPsj5XgLw
product-22.png	https://lh3.googleusercontent.com/aida-public/AB6AXuCw8PQKCFneVVZy4c9j_baHwqthD7HZirh1dhQfhE806FfV2mLcuOwvASwrmQzDL6yHAKUU4EyBvTRSTMlni9MqYASYLzb4XTV0jvi_Y74N5AGj9WFKy4Jx4NwkLRYX0nAuwHq6End6xbJyb70kgD8BIjRbIZ5m0GJU-ZdLmt0Uiibj82FbUUJ-TNhwff1YQ8uTXm5whtjy0dJ8zS86GW7TTxHeR27BTMG1Hu21S7076ZayGyQwkNQ
product-23.png	https://lh3.googleusercontent.com/aida-public/AB6AXuCodr5N2lMhjh4S2qTfn-jOxxdWi2hfRrjQae6vGs-tqZMo-eBxt1OM0t0D12kCL_dh7odQWaKFvVBaf8H9ijLNrF-F7XbJOhuVJrl2otwmecw63_z_iqE8JxosWZGCJgrmuglP4mxKAokGjJmJgPPIRQxohAJLd-1JHRKVlP8854eCNFddfUcDGrrcq-wkrVgOln054hPdu9shMo-2A348TvW6SfCufye7jg-6JjRKNqeaCFoBB50
product-24.png	https://lh3.googleusercontent.com/aida-public/AB6AXuBr8NSvMXXx0cBO1tEkqrCOyMgAH6QqFUlCmLVJaBc0NHBo2NjOBGD8b1dCk8G9IX_5-88ll9YFxGQTUlqPxYypQDjdySQn14Dd_1pZtfZwPZmvdy9ltv8gS_EfyewVJNggoiCgxu3E44ZFgp-Jz1TySWnUelC50Y7W8RQtsi7IDlwDbHeannCNC0uomxyFB3yH5ir2qqBMcZLOfJpJw_bJLRuPv8CRdzbe_YS1X46hpBdnslv8jjU
product-25.png	https://lh3.googleusercontent.com/aida-public/AB6AXuDwhg3zeh6cp3iQvWgAL8iJ0RxgZWvKQLBIZjEO6le6yWWpJyr7sFI7P5o2EwDqNb-y0mUkSS81vnt3IZCkzApDNd60vt0GKjLSNWbYmpR51WeEmxr7xrQSODmoBnWja7Ak_8VB6m8J-vKFyhVfMo8ij9Z3GXG9Z10k_WRYrKmsgKBrPz9rmGhOL16fPgHxj23UWYbO4_ZKm0rtGvIJ3PcMnzaUwrNwi9lH6zO3rgOSXc33sK749Jw
product-26.png	https://lh3.googleusercontent.com/aida-public/AB6AXuBg4Qi4NAMwis9UFZ18SSaRt4r3hpqakJkT6muBZomAI3t2gg6WWz816mGCG0dFy8bSHGgElZkNznOP8j5vgiDujmOOkF8YDy739pVjwJyacko_Thd8AuwSqn-fWigZHw-kDN_jm9XRRzhJUJ51jdY5PNRJh0ymRZFezOx-zaUFWdLxX4y1_3P6WTwaiNVCllFzPabRtOWywwHVFVJ-YRrbsGYzUtX4oYB6e94Y-nBUJ2bZUWlu7i8
product-27.png	https://lh3.googleusercontent.com/aida-public/AB6AXuAQL0_YqArWVeJCrTs5U6KkM1DuUAn50ylfpNsCwDCZ5-HdiFwS7XRu55QmzscK4HHie3tCLrSuUBPQpI9UiOsTzCEMjvQvf8Ijc1mzYmUs5q7tk0m8NfUTNPMj5EZ7kUZ_8iGhe5zz-0k8RGrSnV5UPw_j6wMvqzXz4r5YR5sAq8G_KIpZ2ujkQgnS0VocW8Fo7jscejB_L_0BFcT8v4Pa5ODTSyKZl4MqcllYxpdYohJCXLeUfNE
product-28.png	https://lh3.googleusercontent.com/aida-public/AB6AXuAeAb8_3NksKPpahqWFOr7BJWSAHyq-HpOe2y_ByJyXJUPwHphUDmm6bf-brrMuha5TLfS57e94GRfxf-iN63rl7uk1sd4rbXjKRtEVKEKGfxQCQugdYc3sJhQDQMGC38V4YUQ0eHbyS3ZJP5REGipeAeQiv4BeBTFsKp_Jg0D4isflVgVCLuKKjbkOukAazhClKQxIl4dpkgIACF3FGbZKJzEBD6dR_w1vfnegoz4YX7m4L9R-lW4
product-29.png	https://lh3.googleusercontent.com/aida-public/AB6AXuDkX4ca2etb-XNQ4SvsN0sZm_HBAiihtBATWx6T03BGsdeXwdYNWHR_nWN8qJvJCRtl4I4RHt6VS1xWiY5gADiQZckEUnXRYa55NgI5LDeRD83wXzjkYmj6QJfSzEqxbxKuOyKnssqUSfUXm7X5x9tkBlEfbJNZKhqxCwwMBAqs4tZGwPa671NQ21Y1UkYZcPeXVkIdtzERd7Ju10fL66C8MEPUXOl9f2blgU09ARfJr6DYnsPz5Xw
product-30.png	https://lh3.googleusercontent.com/aida-public/AB6AXuDaAf5O215_OCnw-tyFy8_YGOgNbX322egri3rUEXavHP-XU5Oln0N9Y5-q4jpPchL3yEK33IEcbQ0JJb9tjKstKa6h9Rvzt6lpXqw31NwWVThSjm9xbHUS4bcUt_JqPMwhj37szeV6QhRqWFG5cb3o4DduAKLBLse02WNBMRmOt3K2N0sb8OeSNzZou5PWeNv5kQ3DW9Y8jvwo9Lj7W3t9On4wzaLSAbjFsXU2HPHgR4-wVk6Ygqs
product-31.png	https://lh3.googleusercontent.com/aida-public/AB6AXuDsrLu88BHeOzBfOccpTZj8kPjKd6MKMlALV7JPQbdnqdigwnqj9E91oOPGjRV6jDFlB4AJ03bUfk_iVhLr_cKObN_r9mcGmEzYdknbYmdZEfm06IcQS3owWybbT_QKmNnOhzmRnnLEgvhaxhV6dNVXP-8JjcedClqVRCDuRGPi7EPutJJx6QUH2wIeBNZZ6QCH8Gw8xD0P49BdFbW4Um3jokcwkrcqYJKcIEqcqHxzGm3S_JYPofI
product-32.png	https://lh3.googleusercontent.com/aida-public/AB6AXuC-rkvaZbUVnIXSnMa7wWz4KCGKseYFMqPwbgnZ62CmgdMw1jUJFyRCuNjzm86V7vJNq3WPPC0qxZZqge3NmvzJPZsap0gBWAPO9kEGlZRpdHBJef6nw8MRE3xzaMUXwdqaABRJ2TTBtvBwHm0YXTsOmqNmq4G5HqPXWimCWkfVxPArSGZj26DkL99e5auSEq8PeQRcRrMCRGEqyHtNpImSnyy3EtXDblHN-mAfeSD8L_Tq66D8JXA
product-33.png	https://lh3.googleusercontent.com/aida-public/AB6AXuAMuL6kl59vcyB63dHk_us3QPxaCQTrKnAvY4aa2AKqvH83sm3RqKDpxpzd3P97Y4izpnmke0SQ1Yx15syTbU3a80rxxcTrTqdH8u3CbJTytW1s6uuXVf3N2bKw95TaZHkl70VIVbj_Zo3W9xKzuzNyXq8yqrw1kDEzz1tEJxLQlQiydqOUoOu07vJYVDoxGfQcydi9u5NytZDGtiKj3sUDbrlVmlhKpG5F1DaciWc4ma69kEhMOaQ
product-34.png	https://lh3.googleusercontent.com/aida-public/AB6AXuDZWa4-krhoZHp4sQmk3D2bbRrhWinIKAPnjeJtKthDT_2BhRULkUIRQMPsdC2mWaQIAfs-6aNjvXq0emw2LrKYNcvBCe6rJ0JmPJTEYucfKmtwF70k8GOrRn52XtOYGjH8YRhSMzR9eyJcWaZKJW2gO30UuZ-LIVYd2KFnYixK1EmkJl6IS7TWAPW0eRu3vkEX5B2WqhWmUbpIhWzROA9QxyCgJxymIiedwF-03nKaOjR0E0i1HGU
product-35.png	https://lh3.googleusercontent.com/aida-public/AB6AXuC6OQFBmKolyZkJrqH-qkb_Dk4rYYjyrCD6ZBCa9GetEu51O6S3-1TPCxZDRZ9xKbRE44kSkXKlNkaEbiTca7yypDiIaclTchKixhgCncu6zvdFf2TMxSzIFqM5C6IVJSmDsZwVfySLGj11RrDfJx76YlU3tVIdeydFjGO20loPuvG5rEKBKHKaY3faeyiA3RU_g1a6v2irJ_W4yUFB__nfxH1yPO6QC9wEHgtyZ_XDc4vbN-3JMeY
product-36.png	https://lh3.googleusercontent.com/aida-public/AB6AXuClqsXEFHmTNZvihSDd3ldNTyVr6rair2Mfd2YMAvAQIIm4Tf_3ayy34Y-IqZ1iIN7xZLDmc-R6ZDFC9xvQTS38TXKU6X-QsKlkp4evMuME86VdlBz1P5kP0WCjXImUVrXktlek_tEoeLPQXDLJMR4sstWvjM2JDCfpQaysz6nmFgYS4G1XdF5akAXsExDYnIMBWeKUs3GkA06vTaVgH6DakUFw1frwE_VzjS24fxdVBhP7ptUJ0pI
product-37.png	https://lh3.googleusercontent.com/aida-public/AB6AXuBqnpmxFkJ8svfDp8Ipff22gzRQETWrQBQokK63Eu3BHqzjyqptqEuHdhNSVpKb2bniykE37s8af__NUgb3d7ZzWQsc9399iC_SAQLf4u0-TCms5Dg8tV5njlTk4K7gpYJ5wAOKCqn5QqzJUsj5WBrflm_sSviqg6Hk1nEL5En12Y9IG8ZcRne45RyYgitEkWRlPUWSj2Uuc78Lky75P2-QZzbcCdmawgYI-_YSaQF9xzvsHLC8vNs
product-38.png	https://lh3.googleusercontent.com/aida-public/AB6AXuDeqONOadjoofnzKdSq-CNaguCGtHKsENPP2EsHeNInpaC9l0IteM1SJekulH0sILeiEa0emdC-EP2L6ajmDEKOSyCrkTv5JnOXBc9oGQEQRREO1lbYhakO-O5o1dZjoivJnln9ahC3dEt3YBTqE2aciRbFXeFsUjcauXLypOJseukuRMjzxU-wWzFD69u5Zv7QOdfNppnLhnKpGvXCJAt9tgI475OL83fQ0_2WcTGwlAnHhUif16I
product-39.png	https://lh3.googleusercontent.com/aida-public/AB6AXuBncAP0SDTW6FGshk42VWeFV4WZIdKrB6d_X8Eia1o3QnvowtM1cDvLDAN2x-0BaGkpiyrBooJLDfWPb94_sBMuhPpfn5jSEi9AkBJsBLoYVmYgbUpQ2XOm5vEz_Fd0kP-CADkJfoman8rgDMsIX3y4Yjg61F0YFA25nO7TtDTPec3vV8dgFkO6LkNb--gvHb--Edpc3W-iu9a4ET08StUvHep2S97YYe6TbJqDdZRbhlhOjLi-Vys
